<?xml version="1.0" encoding="UTF-8"?>
<!DOCTYPE mapper PUBLIC "-//mybatis.org//DTD Mapper 3.0//EN"
"http://mybatis.org/dtd/mybatis-3-mapper.dtd">

<mapper namespace="com.ssafy.hw2.dao.GoodsDAO">
	<select id="list" resultType="ItemVO">
		select i.seq, i.item_code, i.item_name, i.item_price, i.item_corp, i.item_stat, i.dt_reg date, c.cate_name cate
		from hw2_goods_info i
		join hw2_goods_category c
		on i.cate_seq = c.cate_seq
	</select>
	
	<insert id="insert" parameterType="ItemVO">
		insert into hw2_goods_info (seq, item_code, item_name, item_price, item_corp, item_stat, dt_reg, cate_seq)
		values (#{seq}, #{item_code}, #{item_name}, #{item_price}, #{item_corp}, #{item_stat}, now(), #{cate_seq})
	</insert>
	
	<select id="getItem" parameterType="int" resultType="ItemVO">
		select seq, item_code, item_name, item_price, item_corp, item_stat, dt_reg date, cate_seq
		from hw2_goods_info
		where seq = #{seq}
	</select>
	
	<select id="login" parameterType="map" resultType="int">
		select count(*)
		from user
		where iduser = #{userid} and password = #{userpwd}
	</select>
	
	<delete id="delete" parameterType="String">
		delete from hw2_goods_info
		where seq in
		<foreach collection="list" item="a" open="(" close=")" separator=",">#{a}</foreach>
	</delete>
	
	<update id="modify" parameterType="ItemVO">
		update hw2_goods_info
		set item_name = #{item_name} ,  item_price= #{item_price}, item_corp = #{item_corp}, item_stat = #{item_stat}, cate_seq = #{cate_seq}
		where item_code = #{item_code}
	</update>
</mapper>