<?xml version="1.0" encoding="UTF-8"?>
<beans xmlns="http://www.springframework.org/schema/beans"
	xmlns:xsi="http://www.w3.org/2001/XMLSchema-instance"
	xmlns:aop="http://www.springframework.org/schema/aop"
	xmlns:context="http://www.springframework.org/schema/context"
	xsi:schemaLocation="http://www.springframework.org/schema/beans https://www.springframework.org/schema/beans/spring-beans.xsd
		http://www.springframework.org/schema/context http://www.springframework.org/schema/context/spring-context-4.3.xsd
		http://www.springframework.org/schema/aop http://www.springframework.org/schema/aop/spring-aop-4.3.xsd">
	<context:component-scan base-package="com.ssafy.hw2.util, com.ssafy.hw2.model"></context:component-scan>
	<aop:aspectj-autoproxy></aop:aspectj-autoproxy>
	<!-- Root Context: defines shared resources visible to all other web components -->
	<bean id="ds" class="org.springframework.jdbc.datasource.SimpleDriverDataSource">
		<property name="driverClass" value="com.mysql.cj.jdbc.Driver"></property>
		<property name="url" value="jdbc:mysql://127.0.0.1:3306/springcampmall?serverTimezone=UTC&amp;useUniCode=yes&amp;characterEncoding=UTF-8"></property>
		<property name="username" value="ssafy"></property>
		<property name="password" value="ssafy"></property>
	</bean>	
</beans>
